boundary,uid
 ,b4850126c1da0f46fa42b214
"121.19482057667139,30.728513905896495;121.19572220681007,30.728558404808958;121.19586675584459,30.72847884265915;121.1963056571371,30.728478157777115;121.1964691792823,30.728399703712093;121.19648946391902,30.727739733578858;121.19637460118669,30.7276006043387;121.19479316218384,30.727040245296195;121.19458684206921,30.72714099946645;121.19447426732101,30.727245771608636;121.19482057667139,30.728513905896495",61085211d40b96dfc41b7589
 ,5e9227c946d2597cddee8b7e
"121.32287122710048,30.73218503653891;121.32338289113929,30.73227673145889;121.32345562603814,30.73205989579203;121.32366068852504,30.731249280797478;121.32365566520063,30.731221260114488;121.32289424078932,30.731192875689455;121.32266212223878,30.731877204273623;121.32281503449761,30.73193377629182;121.32287122710048,30.73218503653891",101bc61b1676c1a0c42ba16f
"121.35040529349025,30.713905510884764;121.35090169711506,30.711470420402552;121.35151002960642,30.71113385577296;121.3547845328514,30.714166775669987;121.35436682078925,30.71446909989319;121.3531560846229,30.714287006907032;121.35202664510521,30.71413836723422;121.35064002072001,30.713934850816056;121.35040529349025,30.713905510884764",8fde79ccaa9975be95ca0731
 ,bc012fcd7a85b905c2f1cff2
"121.34810335328193,30.7173297902329;121.3449155248407,30.714427536462306;121.34404249674947,30.71488806558401;121.34731743746923,30.717860296237355;121.34809141929324,30.71746002731113;121.34811144881118,30.717396667496086;121.34810335328193,30.7173297902329",414b01aa07846efe400245c5
 ,d52831f9d768dca42efaa76f
"121.34693822588294,30.72943574292975;121.34697645866375,30.72950712474462;121.34699755716527,30.7295157749633;121.34875753708313,30.729854805520564;121.34884593214191,30.729857262601254;121.34890016284557,30.729847311427953;121.3489292715373,30.729825796116533;121.34898648641185,30.72978578279914;121.34906176171866,30.729724445429483;121.34908082645651,30.7297041051233;121.34909068176624,30.72951388059628;121.34906440004195,30.729348297485455;121.34872627155985,30.72872304427199;121.34869108313642,30.728690648692016;121.34863782350104,30.728666569299072;121.34857051077425,30.728651735519563;121.34690854227567,30.728876086060737;121.34686036165964,30.728899894087842;121.34683830107294,30.72893226957426;121.3468303250183,30.728990417821347;121.34693822588294,30.72943574292975",2c8cbd8a10010e735e17c3c1
 ,ab92e842548f9270c51b75af
 ,fa7e7352f533dc6642d63efb
 ,1083c1486667d6bc43afe660
 ,2879bbd6f6a1ab606d20b9db
"121.16374198987494,30.79308154262058;121.16659410986911,30.793011588486312;121.16660003868549,30.792828714797103;121.16655503357944,30.79234872785768;121.16668097601193,30.79036671059321;121.16682901675998,30.78964566363294;121.16695495919247,30.789036682210916;121.16695495919247,30.78890072339668;121.16570002639503,30.788490519043513;121.16530602959836,30.788280723923783;121.16382400516798,30.787698724247335;121.16374198987494,30.79308154262058",bee6a5d41f859f9bd72ce2ec
 ,ef51cd18ee9a34900a5cb373
